{"cameraMode":{"drawMode":0,"name":"Shaded","section":"Shading Mode"},"sceneLighting":true,"audioPlay":false,"sceneViewState":{"m_AlwaysRefresh":false,"showFog":true,"showSkybox":true,"showFlares":true,"showImageEffects":true,"showParticleSystems":true,"showVisualEffectGraphs":true,"m_FxEnabled":true},"in2DMode":false,"pivot":{"x":5.205684185028076,"y":0.14687979221343995,"z":57.386043548583987},"rotation":{"x":-0.318950355052948,"y":-0.35253724455833437,"z":0.12920959293842317,"w":-0.8702281713485718},"size":17.296079635620118,"orthographic":false}