{"cameraMode":{"drawMode":0,"name":"Shaded","section":"Shading Mode"},"sceneLighting":true,"audioPlay":false,"sceneViewState":{"m_AlwaysRefresh":false,"showFog":true,"showSkybox":true,"showFlares":true,"showImageEffects":true,"showParticleSystems":true,"showVisualEffectGraphs":true,"m_FxEnabled":true},"in2DMode":false,"pivot":{"x":-4.173642635345459,"y":11.060432434082032,"z":30.022747039794923},"rotation":{"x":0.0613529346883297,"y":0.7741960287094116,"z":-0.07597621530294419,"w":0.6254094243049622},"size":12.726346015930176,"orthographic":false}